name,year,value,code,rate,pop,,
Alabama,1992,0.00001529086370893390,1,68,4447100,,
Arizona,1992,0.00006568391574371340,4,337,5130632,,
Arkansas,1992,0.00002917632976733750,5,78,2673400,,
California,1992,0.00003409931515584950,6,1155,33871648,,
Colorado,1992,0.00001952915668219160,8,84,4301261,,
Connecticut,1992,0.00002026095523062990,9,69,3405565,,
Delaware,1992,0.00000382848392036753,10,3,783600,,
District of Columbia,1992,0.00000349614288036723,11,2,572059,,
Florida,1992,0.00001101212848300800,12,176,15982378,,
Georgia,1992,0.00020912597922445800,13,1712,8186453,,
Idaho,1992,0.00001854781433328720,16,24,1293953,,
Illinois,1992,0.00000032207952578299,17,4,12419293,,
Indiana,1992,0.00000279582960898678,18,17,6080485,,
Iowa,1992,0.00000102517697971927,19,3,2926324,,
Kansas,1992,0.00000000000000000000,20,0,2688418,,
Kentucky,1992,0.00000717507606199167,21,29,4041769,,
Louisiana,1992,0.00001074071554646970,22,48,4468976,,
Maine,1992,0.00009882949793830690,23,126,1274923,,
Maryland,1992,0.00000188804426179924,24,10,5296486,,
Massachusetts,1992,0.00000015750271259047,25,1,6349097,,
Michigan,1992,0.00000915636290751349,26,91,9938444,,
Minnesota,1992,0.00006586063280278260,27,324,4919479,,
Mississippi,1992,0.00104792913594534000,28,2981,2844658,,
Missouri,1992,0.00009418769015145270,29,527,5595211,,
Montana,1992,0.00003103541917213020,30,28,902195,,
Nebraska,1992,0.00000116872742529933,31,2,1711263,,
Nevada,1992,0.00001701482842297060,32,34,1998257,,
New Hampshire,1992,0.00000566441115209268,33,7,1235786,,
New Jersey,1992,0.00007867512047870600,34,662,8414350,,
New Mexico,1992,0.00004342935802613020,35,79,1819046,,
New York,1992,0.00000374147819058110,36,71,18976457,,
North Carolina,1992,0.00015355347717252400,37,1236,8049313,,
North Dakota,1992,0.00010744316412332600,38,69,642200,,
Ohio,1992,0.00000044040679494836,39,5,11353140,,
Oklahoma,1992,0.00001014300477532660,40,35,3450654,,
Oregon,1992,0.00003916526543674090,41,134,3421399,,
Pennsylvania,1992,0.00000032570494356592,42,4,12281054,,
Rhode Island,1992,0.00000000000000000000,44,0,1048319,,
South Carolina,1992,0.00000672979043931075,45,27,4012012,,
South Dakota,1992,0.00005299108160096660,46,40,754844,,
Tennessee,1992,0.00000544884126875039,47,31,5689283,,
Texas,1992,0.00001726468001354320,48,360,20851820,,
Utah,1992,0.00000492573558024493,49,11,2233169,,
Vermont,1992,0.00000000000000000000,50,0,608827,,
Virginia,1992,0.00000141272569175879,51,10,7078515,,
Washington,1992,0.00001357284657033680,53,80,5894121,,
West Virginia,1992,0.00011557535513154600,54,209,1808344,,
Wisconsin,1992,0.00002442355288118690,55,131,5363675,,
Wyoming,1992,0.00000405037040637366,56,2,493782,,
Alabama,1993,0.00002203680000000000,1,98,4447100,,
Arizona,1993,0.00008887790000000000,4,456,5130632,,
Arkansas,1993,0.00004264230000000000,5,114,2673400,,
California,1993,0.00003188510000000000,6,1080,33871648,,
Colorado,1993,0.00002022660000000000,8,87,4301261,,
Connecticut,1993,0.00000939639000000000,9,32,3405565,,
Delaware,1993,0.00000000000000000000,10,0,783600,,
District of Columbia,1993,0.00001048840000000000,11,6,572059,,
Florida,1993,0.00000863451000000000,12,138,15982378,,
Georgia,1993,0.00028388400000000000,13,2324,8186453,,
Idaho,1993,0.00000772826000000000,16,10,1293953,,
Illinois,1993,0.00000000000000000000,17,0,12419293,,
Indiana,1993,0.00000180907000000000,18,11,6080485,,
Iowa,1993,0.00000000000000000000,19,0,2926324,,
Kansas,1993,0.00000260376000000000,20,7,2688418,,
Kentucky,1993,0.00001657690000000000,21,67,4041769,,
Louisiana,1993,0.00001678240000000000,22,75,4468976,,
Maine,1993,0.00009882950000000000,23,126,1274923,,
Maryland,1993,0.00000151044000000000,24,8,5296486,,
Massachusetts,1993,0.00000000000000000000,25,0,6349097,,
Michigan,1993,0.00000352168000000000,26,35,9938444,,
Minnesota,1993,0.00007012940000000000,27,345,4919479,,
Mississippi,1993,0.00091047900000000000,28,2590,2844658,,
Missouri,1993,0.00005754920000000000,29,322,5595211,,
Montana,1993,0.00003657750000000000,30,33,902195,,
Nebraska,1993,0.00000000000000000000,31,0,1711263,,
Nevada,1993,0.00001151000000000000,32,23,1998257,,
New Hampshire,1993,0.00000809202000000000,33,10,1235786,,
New Jersey,1993,0.00004100140000000000,34,345,8414350,,
New Mexico,1993,0.00005552360000000000,35,101,1819046,,
New York,1993,0.00000210788000000000,36,40,18976457,,
North Carolina,1993,0.00013467000000000000,37,1084,8049313,,
North Dakota,1993,0.00018685800000000000,38,120,642200,,
Ohio,1993,0.00000114506000000000,39,13,11353140,,
Oklahoma,1993,0.00003680460000000000,40,127,3450654,,
Oregon,1993,0.00001753670000000000,41,60,3421399,,
Pennsylvania,1993,0.00000024427900000000,42,3,12281054,,
Rhode Island,1993,0.00000000000000000000,44,0,1048319,,
South Carolina,1993,0.00002193410000000000,45,88,4012012,,
South Dakota,1993,0.00005696540000000000,46,43,754844,,
Tennessee,1993,0.00000439423000000000,47,25,5689283,,
Texas,1993,0.00001966260000000000,48,410,20851820,,
Utah,1993,0.00000761250000000000,49,17,2233169,,
Vermont,1993,0.00000000000000000000,50,0,608827,,
Virginia,1993,0.00000169527000000000,51,12,7078515,,
Washington,1993,0.00000610778000000000,53,36,5894121,,
West Virginia,1993,0.00018248700000000000,54,330,1808344,,
Wisconsin,1993,0.00001137280000000000,55,61,5363675,,
Wyoming,1993,0.00000607556000000000,56,3,493782,,
Alabama,1994,0.00001933844527894580,1,86,4447100,,
Arizona,1994,0.00005964177512633920,4,306,5130632,,
Arkansas,1994,0.00004114610608214260,5,110,2673400,,
California,1994,0.00002267383033739600,6,768,33871648,,
Colorado,1994,0.00002766630529977140,8,119,4301261,,
Connecticut,1994,0.00002554642181253330,9,87,3405565,,
Delaware,1994,0.00000127616130678918,10,1,783600,,
District of Columbia,1994,0.00000174807144018362,11,1,572059,,
Florida,1994,0.00000982331915813779,12,157,15982378,,
Georgia,1994,0.00020607215359325900,13,1687,8186453,,
Idaho,1994,0.00002782172149993080,16,36,1293953,,
Illinois,1994,0.00000096623857734897,17,12,12419293,,
Indiana,1994,0.00000065784226093807,18,4,6080485,,
Iowa,1994,0.00000000000000000000,19,0,2926324,,
Kansas,1994,0.00000446359159922304,20,12,2688418,,
Kentucky,1994,0.00003389604898251240,21,137,4041769,,
Louisiana,1994,0.00001790119257744950,22,80,4468976,,
Maine,1994,0.00000078436109474847,23,1,1274923,,
Maryland,1994,0.00000188804426179924,24,10,5296486,,
Massachusetts,1994,0.00000000000000000000,25,0,6349097,,
Michigan,1994,0.00000794893043619303,26,79,9938444,,
Minnesota,1994,0.00006931628328934830,27,341,4919479,,
Mississippi,1994,0.00070975140069562000,28,2019,2844658,,
Missouri,1994,0.00009257917172381880,29,518,5595211,,
Montana,1994,0.00003325223482728230,30,30,902195,,
Nebraska,1994,0.00000058436371264966,31,1,1711263,,
Nevada,1994,0.00000800697808139794,32,16,1998257,,
New Hampshire,1994,0.00000809201593156097,33,10,1235786,,
New Jersey,1994,0.00006595874904181550,34,555,8414350,,
New Mexico,1994,0.00001759163869412870,35,32,1819046,,
New York,1994,0.00000094854376662619,36,18,18976457,,
North Carolina,1994,0.00014336627237628900,37,1154,8049313,,
North Dakota,1994,0.00020710059171597600,38,133,642200,,
Ohio,1994,0.00000132122038484507,39,15,11353140,,
Oklahoma,1994,0.00008780944134068500,40,303,3450654,,
Oregon,1994,0.00003215059103016050,41,110,3421399,,
Pennsylvania,1994,0.00000040713117945740,42,5,12281054,,
Rhode Island,1994,0.00000000000000000000,44,0,1048319,,
South Carolina,1994,0.00001844461083366650,45,74,4012012,,
South Dakota,1994,0.00003841853416070080,46,29,754844,,
Tennessee,1994,0.00000738230107379084,47,42,5689283,,
Texas,1994,0.00000815276556195095,48,170,20851820,,
Utah,1994,0.00000806029458585535,49,18,2233169,,
Vermont,1994,0.00000492750814270721,50,3,608827,,
Virginia,1994,0.00000324926909104523,51,23,7078515,,
Washington,1994,0.00001662673704866260,53,98,5894121,,
West Virginia,1994,0.00025824732462407600,54,467,1808344,,
Wisconsin,1994,0.00003281332295487700,55,176,5363675,,
Wyoming,1994,0.00001417629642230780,56,7,493782,,
Alabama,1995,0.00003058172741786780,1,136,4447100,,
Arizona,1995,0.00008186125997732830,4,420,5130632,,
Arkansas,1995,0.00006134510361337620,5,164,2673400,,
California,1995,0.00002937560050222530,6,995,33871648,,
Colorado,1995,0.00001580931731415510,8,68,4301261,,
Connecticut,1995,0.00000969002206682298,9,33,3405565,,
Delaware,1995,0.00000510464522715671,10,4,783600,,
District of Columbia,1995,0.00000524421432055085,11,3,572059,,
Florida,1995,0.00000800882071491489,12,128,15982378,,
Georgia,1995,0.00021156903972941600,13,1732,8186453,,
Idaho,1995,0.00001468368634718570,16,19,1293953,,
Illinois,1995,0.00000152987774746920,17,19,12419293,,
Indiana,1995,0.00000197352678281420,18,12,6080485,,
Iowa,1995,0.00000068345131981284,19,2,2926324,,
Kansas,1995,0.00000000000000000000,20,0,2688418,,
Kentucky,1995,0.00003439088181437390,21,139,4041769,,
Louisiana,1995,0.00001991507674241260,22,89,4468976,,
Maine,1995,0.00001568722189496930,23,20,1274923,,
Maryland,1995,0.00000415369737595832,24,22,5296486,,
Massachusetts,1995,0.00000000000000000000,25,0,6349097,,
Michigan,1995,0.00000714397545531272,26,71,9938444,,
Minnesota,1995,0.00007236538665984750,27,356,4919479,,
Mississippi,1995,0.00104054687769145000,28,2960,2844658,,
Missouri,1995,0.00013440065084230100,29,752,5595211,,
Montana,1995,0.00001662611741364120,30,15,902195,,
Nebraska,1995,0.00000175309113794899,31,3,1711263,,
Nevada,1995,0.00001851613681323270,32,37,1998257,,
New Hampshire,1995,0.00000728281433840487,33,9,1235786,,
New Jersey,1995,0.00009246109325140980,34,778,8414350,,
New Mexico,1995,0.00001704189998493720,35,31,1819046,,
New York,1995,0.00000347799381096271,36,66,18976457,,
North Carolina,1995,0.00014026041725548500,37,1129,8049313,,
North Dakota,1995,0.00015104328869511100,38,97,642200,,
Ohio,1995,0.00000193778989777277,39,22,11353140,,
Oklahoma,1995,0.00017938628445506300,40,619,3450654,,
Oregon,1995,0.00001899807651782210,41,65,3421399,,
Pennsylvania,1995,0.00000000000000000000,42,0,12281054,,
Rhode Island,1995,0.00000000000000000000,44,0,1048319,,
South Carolina,1995,0.00001171482039435570,45,47,4012012,,
South Dakota,1995,0.00004636719640084570,46,35,754844,,
Tennessee,1995,0.00001001883717157330,47,57,5689283,,
Texas,1995,0.00002316344568483710,48,483,20851820,,
Utah,1995,0.00001343382430975890,49,30,2233169,,
Vermont,1995,0.00000000000000000000,50,0,608827,,
Virginia,1995,0.00004492467699792970,51,318,7078515,,
Washington,1995,0.00000848302910646049,53,50,5894121,,
West Virginia,1995,0.00022672677322456300,54,410,1808344,,
Wisconsin,1995,0.00003411839829967330,55,183,5363675,,
Wyoming,1995,0.00000810074081274732,56,4,493782,,
Alabama,1996,0.00002451035506284990,1,109,4447100,,
Arizona,1996,0.00002982088756316960,4,153,5130632,,
Arkansas,1996,0.00004488666118051920,5,120,2673400,,
California,1996,0.00002795848610613810,6,947,33871648,,
Colorado,1996,0.00000232489960502281,8,10,4301261,,
Connecticut,1996,0.00000176182219396781,9,6,3405565,,
Delaware,1996,0.00000000000000000000,10,0,783600,,
District of Columbia,1996,0.00000000000000000000,11,0,572059,,
Florida,1996,0.00000919763003978507,12,147,15982378,,
Georgia,1996,0.00023465596150127500,13,1921,8186453,,
Idaho,1996,0.00001622933754162630,16,21,1293953,,
Illinois,1996,0.00000048311928867448,17,6,12419293,,
Indiana,1996,0.00000180906621757968,18,11,6080485,,
Iowa,1996,0.00000068345131981284,19,2,2926324,,
Kansas,1996,0.00000037196596660192,20,1,2688418,,
Kentucky,1996,0.00001385531929212180,21,56,4041769,,
Louisiana,1996,0.00001879625220632200,22,84,4468976,,
Maine,1996,0.00000156872218949693,23,2,1274923,,
Maryland,1996,0.00000264326196651893,24,14,5296486,,
Massachusetts,1996,0.00000000000000000000,25,0,6349097,,
Michigan,1996,0.00000593654298399226,26,59,9938444,,
Minnesota,1996,0.00007887014051691250,27,388,4919479,,
Mississippi,1996,0.00100222944199268000,28,2851,2844658,,
Missouri,1996,0.00002716608900003950,29,152,5595211,,
Montana,1996,0.00006317924617183650,30,57,902195,,
Nebraska,1996,0.00000116872742529933,31,2,1711263,,
Nevada,1996,0.00001151003099200950,32,23,1998257,,
New Hampshire,1996,0.00000323680637262439,33,4,1235786,,
New Jersey,1996,0.00004123907372524320,34,347,8414350,,
New Mexico,1996,0.00002198954836766090,35,40,1819046,,
New York,1996,0.00000042157500738942,36,8,18976457,,
North Carolina,1996,0.00009814502181738990,37,790,8049313,,
North Dakota,1996,0.00033634381812519500,38,216,642200,,
Ohio,1996,0.00000044040679494836,39,5,11353140,,
Oklahoma,1996,0.00005853962756045670,40,202,3450654,,
Oregon,1996,0.00002162857942028980,41,74,3421399,,
Pennsylvania,1996,0.00000008142623589148,42,1,12281054,,
Rhode Island,1996,0.00000000000000000000,44,0,1048319,,
South Carolina,1996,0.00001669985034940080,45,67,4012012,,
South Dakota,1996,0.00005696541272103900,46,43,754844,,
Tennessee,1996,0.00000509730312237939,47,29,5689283,,
Texas,1996,0.00003539259402776350,48,738,20851820,,
Utah,1996,0.00000940367701683124,49,21,2233169,,
Vermont,1996,0.00000000000000000000,50,0,608827,,
Virginia,1996,0.00001469234719429150,51,104,7078515,,
Washington,1996,0.00000797404736007286,53,47,5894121,,
West Virginia,1996,0.00011225740235265000,54,203,1808344,,
Wisconsin,1996,0.00001416938945778780,55,76,5363675,,
Wyoming,1996,0.00000810074081274732,56,4,493782,,
Alabama,1997,0.00029299993254030700,1,1303,4447100,,
Arizona,1997,0.00003332922727648370,4,171,5130632,,
Arkansas,1997,0.00018328719982045300,5,490,2673400,,
California,1997,0.00002249669103788510,6,762,33871648,,
Colorado,1997,0.00000395232932853877,8,17,4301261,,
Connecticut,1997,0.00000411091845259157,9,14,3405565,,
Delaware,1997,0.00000510464522715671,10,4,783600,,
District of Columbia,1997,0.00000000000000000000,11,0,572059,,
Florida,1997,0.00000694514921371526,12,111,15982378,,
Georgia,1997,0.00016429581895846700,13,1345,8186453,,
Idaho,1997,0.00001081955836108420,16,14,1293953,,
Illinois,1997,0.00000016103976289150,17,2,12419293,,
Indiana,1997,0.00000032892113046903,18,2,6080485,,
Iowa,1997,0.00000000000000000000,19,0,2926324,,
Kansas,1997,0.00000000000000000000,20,0,2688418,,
Kentucky,1997,0.00009698723504485290,21,392,4041769,,
Louisiana,1997,0.00007719889299025100,22,345,4468976,,
Maine,1997,0.00000156872218949693,23,2,1274923,,
Maryland,1997,0.00000264326196651893,24,14,5296486,,
Massachusetts,1997,0.00000000000000000000,25,0,6349097,,
Michigan,1997,0.00000100619372610038,26,10,9938444,,
Minnesota,1997,0.00010204332613270600,27,502,4919479,,
Mississippi,1997,0.00054101406917808700,28,1539,2844658,,
Missouri,1997,0.00005844283620403230,29,327,5595211,,
Montana,1997,0.00002105974872394550,30,19,902195,,
Nebraska,1997,0.00000000000000000000,31,0,1711263,,
Nevada,1997,0.00000350305291061160,32,7,1998257,,
New Hampshire,1997,0.00000323680637262439,33,4,1235786,,
New Jersey,1997,0.00006084843154848560,34,512,8414350,,
New Mexico,1997,0.00002198954836766090,35,40,1819046,,
New York,1997,0.00000437384070166523,36,83,18976457,,
North Carolina,1997,0.00011379853162623900,37,916,8049313,,
North Dakota,1997,0.00028028651510432900,38,180,642200,,
Ohio,1997,0.00000079273223090704,39,9,11353140,,
Oklahoma,1997,0.00005969882810620830,40,206,3450654,,
Oregon,1997,0.00001753668601645120,41,60,3421399,,
Pennsylvania,1997,0.00000008142623589148,42,1,12281054,,
Rhode Island,1997,0.00000000000000000000,44,0,1048319,,
South Carolina,1997,0.00005358907201673370,45,215,4012012,,
South Dakota,1997,0.00004239286528077320,46,32,754844,,
Tennessee,1997,0.00011073451610686300,47,630,5689283,,
Texas,1997,0.00000680995711645314,48,142,20851820,,
Utah,1997,0.00001074705944780710,49,24,2233169,,
Vermont,1997,0.00000000000000000000,50,0,608827,,
Virginia,1997,0.00002698306071259300,51,191,7078515,,
Washington,1997,0.00000373253280684261,53,22,5894121,,
West Virginia,1997,0.00010119755975633000,54,183,1808344,,
Wisconsin,1997,0.00001416938945778780,55,76,5363675,,
Wyoming,1997,0.00001620148162549460,56,8,493782,,
Alabama,1998,0.00041982415506734700,1,1867,4447100,,
Arizona,1998,0.00008614923073804550,4,442,5130632,,
Arkansas,1998,0.00015934764719084300,5,426,2673400,,
California,1998,0.00002471093228177150,6,837,33871648,,
Colorado,1998,0.00000162742972351596,8,7,4301261,,
Connecticut,1998,0.00000088091109698391,9,3,3405565,,
Delaware,1998,0.00000000000000000000,10,0,783600,,
District of Columbia,1998,0.00000000000000000000,11,0,572059,,
Florida,1998,0.00000719542486105635,12,115,15982378,,
Georgia,1998,0.00016527304316045100,13,1353,8186453,,
Idaho,1998,0.00000463695358332181,16,6,1293953,,
Illinois,1998,0.00000080519881445747,17,10,12419293,,
Indiana,1998,0.00000148014508711065,18,9,6080485,,
Iowa,1998,0.00000000000000000000,19,0,2926324,,
Kansas,1998,0.00000185982983300960,20,5,2688418,,
Kentucky,1998,0.00013904802575308000,21,562,4041769,,
Louisiana,1998,0.00010539327129973400,22,471,4468976,,
Maine,1998,0.00000156872218949693,23,2,1274923,,
Maryland,1998,0.00000151043540943939,24,8,5296486,,
Massachusetts,1998,0.00000000000000000000,25,0,6349097,,
Michigan,1998,0.00000160990996176061,26,16,9938444,,
Minnesota,1998,0.00012440341751636700,27,612,4919479,,
Mississippi,1998,0.00064823258191318600,28,1844,2844658,,
Missouri,1998,0.00004146403057900770,29,232,5595211,,
Montana,1998,0.00009975670448184710,30,90,902195,,
Nebraska,1998,0.00000000000000000000,31,0,1711263,,
Nevada,1998,0.00000800697808139794,32,16,1998257,,
New Hampshire,1998,0.00000485520955893658,33,6,1235786,,
New Jersey,1998,0.00005514389109081510,34,464,8414350,,
New Mexico,1998,0.00001264399031140500,35,23,1819046,,
New York,1998,0.00000284563129987858,36,54,18976457,,
North Carolina,1998,0.00011541357628905700,37,929,8049313,,
North Dakota,1998,0.00034880099657427600,38,224,642200,,
Ohio,1998,0.00000149738310282442,39,17,11353140,,
Oklahoma,1998,0.00007071123329084860,40,244,3450654,,
Oregon,1998,0.00002601275092440260,41,89,3421399,,
Pennsylvania,1998,0.00000016285247178296,42,2,12281054,,
Rhode Island,1998,0.00000000000000000000,44,0,1048319,,
South Carolina,1998,0.00028040793497128100,45,1125,4012012,,
South Dakota,1998,0.00003179464896057990,46,24,754844,,
Tennessee,1998,0.00014641563796351800,47,833,5689283,,
Texas,1998,0.00001879931823696920,48,392,20851820,,
Utah,1998,0.00000582132386756220,49,13,2233169,,
Vermont,1998,0.00000164250271423574,50,1,608827,,
Virginia,1998,0.00003122123778786930,51,221,7078515,,
Washington,1998,0.00000950099259923575,53,56,5894121,,
West Virginia,1998,0.00016589763894480300,54,300,1808344,,
Wisconsin,1998,0.00002666082490083760,55,143,5363675,,
Wyoming,1998,0.00000202518520318683,56,1,493782,,
Alabama,1999,0.00052573587281599200,1,2338,4447100,,
Arizona,1999,0.00003157505741982660,4,162,5130632,,
Arkansas,1999,0.00030822174010623200,5,824,2673400,,
California,1999,0.00003153079531294140,6,1068,33871648,,
Colorado,1999,0.00000302236948652965,8,13,4301261,,
Connecticut,1999,0.00002349096258623750,9,80,3405565,,
Delaware,1999,0.00000127616130678918,10,1,783600,,
District of Columbia,1999,0.00000000000000000000,11,0,572059,,
Florida,1999,0.00000719542486105635,12,115,15982378,,
Georgia,1999,0.00023074706469334200,13,1889,8186453,,
Idaho,1999,0.00002782172149993080,16,36,1293953,,
Illinois,1999,0.00000128831810313196,17,16,12419293,,
Indiana,1999,0.00000213798734804872,18,13,6080485,,
Iowa,1999,0.00000034172565990642,19,1,2926324,,
Kansas,1999,0.00000074393193320384,20,2,2688418,,
Kentucky,1999,0.00028947720663897400,21,1170,4041769,,
Louisiana,1999,0.00013828671266079700,22,618,4468976,,
Maine,1999,0.00000078436109474847,23,1,1274923,,
Maryland,1999,0.00000207684868797916,24,11,5296486,,
Massachusetts,1999,0.00000000000000000000,25,0,6349097,,
Michigan,1999,0.00000090557435349035,26,9,9938444,,
Minnesota,1999,0.00009635166650777450,27,474,4919479,,
Mississippi,1999,0.00103773458883282000,28,2952,2844658,,
Missouri,1999,0.00007417057194089730,29,415,5595211,,
Montana,1999,0.00011527441406791200,30,104,902195,,
Nebraska,1999,0.00000116872742529933,31,2,1711263,,
Nevada,1999,0.00002051788133358220,32,41,1998257,,
New Hampshire,1999,0.00000000000000000000,33,0,1235786,,
New Jersey,1999,0.00007106906653514530,34,598,8414350,,
New Mexico,1999,0.00001979059353089480,35,36,1819046,,
New York,1999,0.00000637632198676497,36,121,18976457,,
North Carolina,1999,0.00008497619610518310,37,684,8049313,,
North Dakota,1999,0.00042665836188103400,38,274,642200,,
Ohio,1999,0.00000193778989777277,39,22,11353140,,
Oklahoma,1999,0.00011099345225571700,40,383,3450654,,
Oregon,1999,0.00001724440791617700,41,59,3421399,,
Pennsylvania,1999,0.00000073283612302332,42,9,12281054,,
Rhode Island,1999,0.00000000000000000000,44,0,1048319,,
South Carolina,1999,0.00041973952221478900,45,1684,4012012,,
South Dakota,1999,0.00005696541272103900,46,43,754844,,
Tennessee,1999,0.00025205285094800200,47,1434,5689283,,
Texas,1999,0.00001731263745802520,48,361,20851820,,
Utah,1999,0.00001746397160268660,49,39,2233169,,
Vermont,1999,0.00000000000000000000,50,0,608827,,
Virginia,1999,0.00003884995652336680,51,275,7078515,,
Washington,1999,0.00000610778095665155,53,36,5894121,,
West Virginia,1999,0.00039428338855881400,54,713,1808344,,
Wisconsin,1999,0.00002759302157569200,55,148,5363675,,
Wyoming,1999,0.00000810074081274732,56,4,493782,,
Alabama,2000,0.00062220323356794300,1,2767,4447100,,
Arizona,2000,0.00003605793594239460,4,185,5130632,,
Arkansas,2000,0.00037106306575895900,5,992,2673400,,
California,2000,0.00002444522333250510,6,828,33871648,,
Colorado,2000,0.00000302236948652965,8,13,4301261,,
Connecticut,2000,0.00000939638503449501,9,32,3405565,,
Delaware,2000,0.00000000000000000000,10,0,783600,,
District of Columbia,2000,0.00000000000000000000,11,0,572059,,
Florida,2000,0.00000932276786345561,12,149,15982378,,
Georgia,2000,0.00020961459132544900,13,1716,8186453,,
Idaho,2000,0.00002859454709715110,16,37,1293953,,
Illinois,2000,0.00000072467893301173,17,9,12419293,,
Indiana,2000,0.00000345367186992485,18,21,6080485,,
Iowa,2000,0.00000136690263962569,19,4,2926324,,
Kansas,2000,0.00000111589789980576,20,3,2688418,,
Kentucky,2000,0.00025013799650598500,21,1011,4041769,,
Louisiana,2000,0.00020183594631074300,22,902,4468976,,
Maine,2000,0.00000078436109474847,23,1,1274923,,
Maryland,2000,0.00000113282655707954,24,6,5296486,,
Massachusetts,2000,0.00000000000000000000,25,0,6349097,,
Michigan,2000,0.00000050309686305019,26,5,9938444,,
Minnesota,2000,0.00013863256657869700,27,682,4919479,,
Mississippi,2000,0.00054945093575396400,28,1563,2844658,,
Missouri,2000,0.00003824699372373980,29,214,5595211,,
Montana,2000,0.00006761287748214080,30,61,902195,,
Nebraska,2000,0.00000409054598854764,31,7,1711263,,
Nevada,2000,0.00000450392517078634,32,9,1998257,,
New Hampshire,2000,0.00000485520955893658,33,6,1235786,,
New Jersey,2000,0.00004575516825423240,34,385,8414350,,
New Mexico,2000,0.00004837700640885390,35,88,1819046,,
New York,2000,0.00001802233156589770,36,342,18976457,,
North Carolina,2000,0.00011628321572288200,37,936,8049313,,
North Dakota,2000,0.00053721582061663000,38,345,642200,,
Ohio,2000,0.00000140930174383475,39,16,11353140,,
Oklahoma,2000,0.00009418504434231890,40,325,3450654,,
Oregon,2000,0.00002542819472385420,41,87,3421399,,
Pennsylvania,2000,0.00000008142623589148,42,1,12281054,,
Rhode Island,2000,0.00000000000000000000,44,0,1048319,,
South Carolina,2000,0.00035269086931943400,45,1415,4012012,,
South Dakota,2000,0.00004106808824074910,46,31,754844,,
Tennessee,2000,0.00021232904040808000,47,1208,5689283,,
Texas,2000,0.00002599293490927890,48,542,20851820,,
Utah,2000,0.00001209044187878300,49,27,2233169,,
Vermont,2000,0.00000000000000000000,50,0,608827,,
Virginia,2000,0.00003051487494199000,51,216,7078515,,
Washington,2000,0.00000831336852433128,53,49,5894121,,
West Virginia,2000,0.00023336267878235600,54,422,1808344,,
Wisconsin,2000,0.00002815233958060470,55,151,5363675,,
Wyoming,2000,0.00001417629642230780,56,7,493782,,
Alabama,2001,0.00035056553709158800,1,1559,4447100,,
Arizona,2001,0.00004950657151009860,4,254,5130632,,
Arkansas,2001,0.00017468392309418700,5,467,2673400,,
California,2001,0.00002810610218906380,6,952,33871648,,
Colorado,2001,0.00000092995984200912,8,4,4301261,,
Connecticut,2001,0.00001615003677803830,9,55,3405565,,
Delaware,2001,0.00000127616130678918,10,1,783600,,
District of Columbia,2001,0.00000000000000000000,11,0,572059,,
Florida,2001,0.00001007359480547890,12,161,15982378,,
Georgia,2001,0.00020851521409821800,13,1707,8186453,,
Idaho,2001,0.00002627607030549020,16,34,1293953,,
Illinois,2001,0.00000104675845879472,17,13,12419293,,
Indiana,2001,0.00000279582960898678,18,17,6080485,,
Iowa,2001,0.00000034172565990642,19,1,2926324,,
Kansas,2001,0.00000000000000000000,20,0,2688418,,
Kentucky,2001,0.00035677447177213700,21,1442,4041769,,
Louisiana,2001,0.00007138100540257990,22,319,4468976,,
Maine,2001,0.00000156872218949693,23,2,1274923,,
Maryland,2001,0.00000264326196651893,24,14,5296486,,
Massachusetts,2001,0.00000031500542518094,25,2,6349097,,
Michigan,2001,0.00000684211733748261,26,68,9938444,,
Minnesota,2001,0.00007419484868214700,27,365,4919479,,
Mississippi,2001,0.00041094570946665600,28,1169,2844658,,
Missouri,2001,0.00004539596451322390,29,254,5595211,,
Montana,2001,0.00004322790527546710,30,39,902195,,
Nebraska,2001,0.00000058436371264966,31,1,1711263,,
Nevada,2001,0.00000750654195131057,32,15,1998257,,
New Hampshire,2001,0.00000323680637262439,33,4,1235786,,
New Jersey,2001,0.00007510978269266190,34,632,8414350,,
New Mexico,2001,0.00003078536771472520,35,56,1819046,,
New York,2001,0.00003340981933561150,36,634,18976457,,
North Carolina,2001,0.00019653851204444400,37,1582,8049313,,
North Dakota,2001,0.00040485829959514200,38,260,642200,,
Ohio,2001,0.00000528488153938029,39,60,11353140,,
Oklahoma,2001,0.00005651102660539130,40,195,3450654,,
Oregon,2001,0.00002601275092440260,41,89,3421399,,
Pennsylvania,2001,0.00000073283612302332,42,9,12281054,,
Rhode Island,2001,0.00000000000000000000,44,0,1048319,,
South Carolina,2001,0.00044117515102148300,45,1770,4012012,,
South Dakota,2001,0.00002384598672043500,46,18,754844,,
Tennessee,2001,0.00021707480538408800,47,1235,5689283,,
Texas,2001,0.00000522736144854502,48,109,20851820,,
Utah,2001,0.00000626911801122083,49,14,2233169,,
Vermont,2001,0.00000000000000000000,50,0,608827,,
Virginia,2001,0.00006442029154420100,51,456,7078515,,
Washington,2001,0.00000627744153878076,53,37,5894121,,
West Virginia,2001,0.00039483638068863000,54,714,1808344,,
Wisconsin,2001,0.00002218628086153620,55,119,5363675,,
Wyoming,2001,0.00000202518520318683,56,1,493782,,
Alabama,2002,0.00029907130489532500,1,1330,4447100,,
Arizona,2002,0.00004716767836788920,4,242,5130632,,
Arkansas,2002,0.00015149248148425200,5,405,2673400,,
California,2002,0.00002763373072370140,6,936,33871648,,
Colorado,2002,0.00000464979921004561,8,20,4301261,,
Connecticut,2002,0.00001673731084269420,9,57,3405565,,
Delaware,2002,0.00000765696784073507,10,6,783600,,
District of Columbia,2002,0.00000174807144018362,11,1,572059,,
Florida,2002,0.00000625689118352726,12,100,15982378,,
Georgia,2002,0.00015379065878714500,13,1259,8186453,,
Idaho,2002,0.00000927390716664361,16,12,1293953,,
Illinois,2002,0.00000112727834024046,17,14,12419293,,
Indiana,2002,0.00000213798734804872,18,13,6080485,,
Iowa,2002,0.00000239207961934495,19,7,2926324,,
Kansas,2002,0.00000520752353242688,20,14,2688418,,
Kentucky,2002,0.00001435015212398330,21,58,4041769,,
Louisiana,2002,0.00012530834804214700,22,560,4468976,,
Maine,2002,0.00000000000000000000,23,0,1274923,,
Maryland,2002,0.00000037760885235985,24,2,5296486,,
Massachusetts,2002,0.00000472508137771403,25,30,6349097,,
Michigan,2002,0.00000674149796487257,26,67,9938444,,
Minnesota,2002,0.00008537489437397740,27,420,4919479,,
Mississippi,2002,0.00040989110114467200,28,1166,2844658,,
Missouri,2002,0.00003574485394742040,29,200,5595211,,
Montana,2002,0.00003657745831001060,30,33,902195,,
Nebraska,2002,0.00000058436371264966,31,1,1711263,,
Nevada,2002,0.00000550479743096108,32,11,1998257,,
New Hampshire,2002,0.00001537483026996580,33,19,1235786,,
New Jersey,2002,0.00006786026252770560,34,571,8414350,,
New Mexico,2002,0.00003518327738825740,35,64,1819046,,
New York,2002,0.00003119655054681700,36,592,18976457,,
North Carolina,2002,0.00011926483663885400,37,960,8049313,,
North Dakota,2002,0.00062753036437247000,38,403,642200,,
Ohio,2002,0.00000317092892362818,39,36,11353140,,
Oklahoma,2002,0.00008172363847548900,40,282,3450654,,
Oregon,2002,0.00001899807651782210,41,65,3421399,,
Pennsylvania,2002,0.00001457529622457490,42,179,12281054,,
Rhode Island,2002,0.00000000000000000000,44,0,1048319,,
South Carolina,2002,0.00031056736619930400,45,1246,4012012,,
South Dakota,2002,0.00003311942600060410,46,25,754844,,
Tennessee,2002,0.00009702452839839400,47,552,5689283,,
Texas,2002,0.00000954353145193081,48,199,20851820,,
Utah,2002,0.00000761250044219672,49,17,2233169,,
Vermont,2002,0.00000164250271423574,50,1,608827,,
Virginia,2002,0.00003376414403303520,51,239,7078515,,
Washington,2002,0.00000950099259923575,53,56,5894121,,
West Virginia,2002,0.00013658905606455400,54,247,1808344,,
Wisconsin,2002,0.00001099992076328260,55,59,5363675,,
Wyoming,2002,0.00000405037040637366,56,2,493782,,
Alabama,2003,0.00020440286928560200,1,909,4447100,,
Arizona,2003,0.00002299911589839220,4,118,5130632,,
Arkansas,2003,0.00020273808633201200,5,542,2673400,,
California,2003,0.00002550805912957050,6,864,33871648,,
Colorado,2003,0.00000488228917054789,8,21,4301261,,
Connecticut,2003,0.00000499182954957547,9,17,3405565,,
Delaware,2003,0.00000000000000000000,10,0,783600,,
District of Columbia,2003,0.00000000000000000000,11,0,572059,,
Florida,2003,0.00001964663831627560,12,314,15982378,,
Georgia,2003,0.00009002677960772510,13,737,8186453,,
Idaho,2003,0.00003709562866657440,16,48,1293953,,
Illinois,2003,0.00000064415905156598,17,8,12419293,,
Indiana,2003,0.00000180906621757968,18,11,6080485,,
Iowa,2003,0.00000068345131981284,19,2,2926324,,
Kansas,2003,0.00000446359159922304,20,12,2688418,,
Kentucky,2003,0.00000717507606199167,21,29,4041769,,
Louisiana,2003,0.00000626541740210733,22,28,4468976,,
Maine,2003,0.00004000241583217180,23,51,1274923,,
Maryland,2003,0.00000056641327853977,24,3,5296486,,
Massachusetts,2003,0.00000236254068885701,25,15,6349097,,
Michigan,2003,0.00000573530423877219,26,57,9938444,,
Minnesota,2003,0.00018823131473881700,27,926,4919479,,
Mississippi,2003,0.00035962143779674000,28,1023,2844658,,
Missouri,2003,0.00002430650068424590,29,136,5595211,,
Montana,2003,0.00006539606182698860,30,59,902195,,
Nebraska,2003,0.00000292181856324831,31,5,1711263,,
Nevada,2003,0.00000400348904069897,32,8,1998257,,
New Hampshire,2003,0.00000080920159315610,33,1,1235786,,
New Jersey,2003,0.00002709656717393500,34,228,8414350,,
New Mexico,2003,0.00002858641287795910,35,52,1819046,,
New York,2003,0.00003525420999294020,36,669,18976457,,
North Carolina,2003,0.00004447584532990580,37,358,8049313,,
North Dakota,2003,0.00063220180629087500,38,406,642200,,
Ohio,2003,0.00000132122038484507,39,15,11353140,,
Oklahoma,2003,0.00026748552593218600,40,923,3450654,,
Oregon,2003,0.00001841352031727370,41,63,3421399,,
Pennsylvania,2003,0.00000887545971217128,42,109,12281054,,
Rhode Island,2003,0.00000000000000000000,44,0,1048319,,
South Carolina,2003,0.00006455613791783270,45,259,4012012,,
South Dakota,2003,0.00017354579224316500,46,131,754844,,
Tennessee,2003,0.00000246076702459695,47,14,5689283,,
Texas,2003,0.00000834459533987920,48,174,20851820,,
Utah,2003,0.00000537352972390356,49,12,2233169,,
Vermont,2003,0.00000164250271423574,50,1,608827,,
Virginia,2003,0.00000861762671972864,51,61,7078515,,
Washington,2003,0.00001425148889885360,53,84,5894121,,
West Virginia,2003,0.00012608220559805000,54,228,1808344,,
Wisconsin,2003,0.00004884710576237370,55,262,5363675,,
Wyoming,2003,0.00000202518520318683,56,1,493782,,
Alabama,2004,0.00032807897281374400,1,1459,4447100,,
Arizona,2004,0.00003001579532502040,4,154,5130632,,
Arkansas,2004,0.00019637914266477100,5,525,2673400,,
California,2004,0.00002388428221738720,6,809,33871648,,
Colorado,2004,0.00000278987952602737,8,12,4301261,,
Connecticut,2004,0.00000176182219396781,9,6,3405565,,
Delaware,2004,0.00000127616130678918,10,1,783600,,
District of Columbia,2004,0.00000000000000000000,11,0,572059,,
Florida,2004,0.00003334923000820030,12,533,15982378,,
Georgia,2004,0.00015281343458516200,13,1251,8186453,,
Idaho,2004,0.00001391086074996540,16,18,1293953,,
Illinois,2004,0.00000080519881445747,17,10,12419293,,
Indiana,2004,0.00000460489582656647,18,28,6080485,,
Iowa,2004,0.00000136690263962569,19,4,2926324,,
Kansas,2004,0.00000223179579961152,20,6,2688418,,
Kentucky,2004,0.00001113373871688360,21,45,4041769,,
Louisiana,2004,0.00000559412268045297,22,25,4468976,,
Maine,2004,0.00000000000000000000,23,0,1274923,,
Maryland,2004,0.00000169923983561931,24,9,5296486,,
Massachusetts,2004,0.00000204753526367608,25,13,6349097,,
Michigan,2004,0.00000402477490440153,26,40,9938444,,
Minnesota,2004,0.00009411565736940840,27,463,4919479,,
Mississippi,2004,0.00049707205576206300,28,1414,2844658,,
Missouri,2004,0.00002037456675002960,29,114,5595211,,
Montana,2004,0.00005985402268910820,30,54,902195,,
Nebraska,2004,0.00000116872742529933,31,2,1711263,,
Nevada,2004,0.00000050043613008737,32,1,1998257,,
New Hampshire,2004,0.00000242760477946829,33,3,1235786,,
New Jersey,2004,0.00002828501310261640,34,238,8414350,,
New Mexico,2004,0.00002034033224008630,35,37,1819046,,
New York,2004,0.00003019530990426720,36,573,18976457,,
North Carolina,2004,0.00008559736712934380,37,689,8049313,,
North Dakota,2004,0.00068670196200560600,38,441,642200,,
Ohio,2004,0.00000105697630787606,39,12,11353140,,
Oklahoma,2004,0.00029414713848447300,40,1015,3450654,,
Oregon,2004,0.00001578301741480600,41,54,3421399,,
Pennsylvania,2004,0.00000455986920992286,42,56,12281054,,
Rhode Island,2004,0.00000000000000000000,44,0,1048319,,
South Carolina,2004,0.00017322979093781400,45,695,4012012,,
South Dakota,2004,0.00005564063568101490,46,42,754844,,
Tennessee,2004,0.00000738230107379084,47,42,5689283,,
Texas,2004,0.00000613855289370424,48,128,20851820,,
Utah,2004,0.00000582132386756220,49,13,2233169,,
Vermont,2004,0.00000000000000000000,50,0,608827,,
Virginia,2004,0.00000833508158137688,51,59,7078515,,
Washington,2004,0.00000763472619581444,53,45,5894121,,
West Virginia,2004,0.00010893944957375400,54,197,1808344,,
Wisconsin,2004,0.00001491514679767140,55,80,5363675,,
Wyoming,2004,0.00000202518520318683,56,1,493782,,
Alabama,2005,0.00028153178475860700,1,1252,4447100,,
Arizona,2005,0.00010836871558903500,4,556,5130632,,
Arkansas,2005,0.00032767262661779000,5,876,2673400,,
California,2005,0.00002323477145251390,6,787,33871648,,
Colorado,2005,0.00000325485944703193,8,14,4301261,,
Connecticut,2005,0.00000440455548491954,9,15,3405565,,
Delaware,2005,0.00000000000000000000,10,0,783600,,
District of Columbia,2005,0.00000349614288036723,11,2,572059,,
Florida,2005,0.00001970920722811090,12,315,15982378,,
Georgia,2005,0.00012337455550041000,13,1010,8186453,,
Idaho,2005,0.00002395759351382930,16,31,1293953,,
Illinois,2005,0.00000048311928867448,17,6,12419293,,
Indiana,2005,0.00000296029017422130,18,18,6080485,,
Iowa,2005,0.00000068345131981284,19,2,2926324,,
Kansas,2005,0.00000929914916504799,20,25,2688418,,
Kentucky,2005,0.00001632948345142930,21,66,4041769,,
Louisiana,2005,0.00002170519600015750,22,97,4468976,,
Maine,2005,0.00002588391612669940,23,33,1274923,,
Maryland,2005,0.00001642598507765340,24,87,5296486,,
Massachusetts,2005,0.00000110251898813327,25,7,6349097,,
Michigan,2005,0.00000251548431525096,26,25,9938444,,
Minnesota,2005,0.00006545408568671600,27,322,4919479,,
Mississippi,2005,0.00062854655990280700,28,1788,2844658,,
Missouri,2005,0.00002716608900003950,29,152,5595211,,
Montana,2005,0.00008978103403366230,30,81,902195,,
Nebraska,2005,0.00003798364132222810,31,65,1711263,,
Nevada,2005,0.00001201046712209690,32,24,1998257,,
New Hampshire,2005,0.00000000000000000000,33,0,1235786,,
New Jersey,2005,0.00002400660775936350,34,202,8414350,,
New Mexico,2005,0.00004507857415370470,35,82,1819046,,
New York,2005,0.00004136704760008680,36,785,18976457,,
North Carolina,2005,0.00009342412203376860,37,752,8049313,,
North Dakota,2005,0.00067424478355652400,38,433,642200,,
Ohio,2005,0.00000070465087191737,39,8,11353140,,
Oklahoma,2005,0.00011389145362009600,40,393,3450654,,
Oregon,2005,0.00002279769182138650,41,78,3421399,,
Pennsylvania,2005,0.00001750664071666810,42,215,12281054,,
Rhode Island,2005,0.00000572344868308215,44,6,1048319,,
South Carolina,2005,0.00016400748552098000,45,658,4012012,,
South Dakota,2005,0.00008213617648149820,46,62,754844,,
Tennessee,2005,0.00014026372040202600,47,798,5689283,,
Texas,2005,0.00002791123268856150,48,582,20851820,,
Utah,2005,0.00000358235314926904,49,8,2233169,,
Vermont,2005,0.00000492750814270721,50,3,608827,,
Virginia,2005,0.00001850670656204020,51,131,7078515,,
Washington,2005,0.00001051895609201100,53,62,5894121,,
West Virginia,2005,0.00013050614263657800,54,236,1808344,,
Wisconsin,2005,0.00002498287088609950,55,134,5363675,,
Wyoming,2005,0.00002227703723505510,56,11,493782,,
Alabama,2006,0.00038541971172224600,1,1714,4447100,,
Arizona,2006,0.00003742229027535010,4,192,5130632,,
Arkansas,2006,0.00034487918007032200,5,922,2673400,,
California,2006,0.00002736802177443510,6,927,33871648,,
Colorado,2006,0.00000511477913105017,8,22,4301261,,
Connecticut,2006,0.00000205545922629578,9,7,3405565,,
Delaware,2006,0.00000000000000000000,10,0,783600,,
District of Columbia,2006,0.00000174807144018362,11,1,572059,,
Florida,2006,0.00004855347558417150,12,776,15982378,,
Georgia,2006,0.00018994795426053300,13,1555,8186453,,
Idaho,2006,0.00002241194231938870,16,29,1293953,,
Illinois,2006,0.00000032207952578299,17,4,12419293,,
Indiana,2006,0.00000164460565234517,18,10,6080485,,
Iowa,2006,0.00000273380527925137,19,8,2926324,,
Kansas,2006,0.00002120206009630940,20,57,2688418,,
Kentucky,2006,0.00001360790287619110,21,55,4041769,,
Louisiana,2006,0.00037122598107485900,22,1659,4468976,,
Maine,2006,0.00007451430400110440,23,95,1274923,,
Maryland,2006,0.00003530642769564580,24,187,5296486,,
Massachusetts,2006,0.00000031500542518094,25,2,6349097,,
Michigan,2006,0.00000181114870698069,26,18,9938444,,
Minnesota,2006,0.00014290131129739600,27,703,4919479,,
Mississippi,2006,0.00089536246536490500,28,2547,2844658,,
Missouri,2006,0.00002841715888819920,29,159,5595211,,
Montana,2006,0.00020838067158430300,30,188,902195,,
Nebraska,2006,0.00001636218395419060,31,28,1711263,,
Nevada,2006,0.00000850741421148531,32,17,1998257,,
New Hampshire,2006,0.00000323680637262439,33,4,1235786,,
New Jersey,2006,0.00003957524942508930,34,333,8414350,,
New Mexico,2006,0.00005607334833753520,35,102,1819046,,
New York,2006,0.00004458155703143110,36,846,18976457,,
North Carolina,2006,0.00011628321572288200,37,936,8049313,,
North Dakota,2006,0.00107131734662099000,38,688,642200,,
Ohio,2006,0.00000317092892362818,39,36,11353140,,
Oklahoma,2006,0.00020112129468790600,40,694,3450654,,
Oregon,2006,0.00003507337203290230,41,120,3421399,,
Pennsylvania,2006,0.00001937944414217220,42,238,12281054,,
Rhode Island,2006,0.00001907816227694050,44,20,1048319,,
South Carolina,2006,0.00016026871305469700,45,643,4012012,,
South Dakota,2006,0.00005696541272103900,46,43,754844,,
Tennessee,2006,0.00012391719659577500,47,705,5689283,,
Texas,2006,0.00003740680669601020,48,780,20851820,,
Utah,2006,0.00001388161845341750,49,31,2233169,,
Vermont,2006,0.00000328500542847147,50,2,608827,,
Virginia,2006,0.00002811324126600000,51,199,7078515,,
Washington,2006,0.00001221556191330310,53,72,5894121,,
West Virginia,2006,0.00018248740283928300,54,330,1808344,,
Wisconsin,2006,0.00002722014290575030,55,146,5363675,,
Wyoming,2006,0.00005670518568923130,56,28,493782,,
Alabama,2007,0.00033482494209709700,1,1489,4447100,,
Arizona,2007,0.00003781210579905170,4,194,5130632,,
Arkansas,2007,0.00018291314431061600,5,489,2673400,,
California,2007,0.00003451264018804160,6,1169,33871648,,
Colorado,2007,0.00000069746988150684,8,3,4301261,,
Connecticut,2007,0.00000234909625862375,9,8,3405565,,
Delaware,2007,0.00000000000000000000,10,0,783600,,
District of Columbia,2007,0.00000000000000000000,11,0,572059,,
Florida,2007,0.00003772905383666940,12,603,15982378,,
Georgia,2007,0.00019849866602788800,13,1625,8186453,,
Idaho,2007,0.00003400432627769320,16,44,1293953,,
Illinois,2007,0.00000064415905156598,17,8,12419293,,
Indiana,2007,0.00000180906621757968,18,11,6080485,,
Iowa,2007,0.00000034172565990642,19,1,2926324,,
Kansas,2007,0.00001115897899805760,20,30,2688418,,
Kentucky,2007,0.00002573130725679770,21,104,4041769,,
Louisiana,2007,0.00000693671212376169,22,31,4468976,,
Maine,2007,0.00002666827722144790,23,34,1274923,,
Maryland,2007,0.00002435577097721020,24,129,5296486,,
Massachusetts,2007,0.00000047250813777140,25,3,6349097,,
Michigan,2007,0.00000251548431525096,26,25,9938444,,
Minnesota,2007,0.00012887543579309900,27,634,4919479,,
Mississippi,2007,0.00043485016476497400,28,1237,2844658,,
Missouri,2007,0.00002305543079608620,29,129,5595211,,
Montana,2007,0.00007426332444759730,30,67,902195,,
Nebraska,2007,0.00001986836623008850,31,34,1711263,,
Nevada,2007,0.00001000872260174740,32,20,1998257,,
New Hampshire,2007,0.00000242760477946829,33,3,1235786,,
New Jersey,2007,0.00003648529001051770,34,307,8414350,,
New Mexico,2007,0.00004123040318936410,35,75,1819046,,
New York,2007,0.00003831062879651350,36,727,18976457,,
North Carolina,2007,0.00000956603377207471,37,77,8049313,,
North Dakota,2007,0.00082684521955777000,38,531,642200,,
Ohio,2007,0.00000176162717979343,39,20,11353140,,
Oklahoma,2007,0.00006259682947058730,40,216,3450654,,
Oregon,2007,0.00002747414142577350,41,94,3421399,,
Pennsylvania,2007,0.00000879403347627981,42,108,12281054,,
Rhode Island,2007,0.00001526252982155240,44,16,1048319,,
South Carolina,2007,0.00024227245581518700,45,972,4012012,,
South Dakota,2007,0.00003444420304062830,46,26,754844,,
Tennessee,2007,0.00020037674343146600,47,1140,5689283,,
Texas,2007,0.00001002310589675150,48,209,20851820,,
Utah,2007,0.00000403014729292767,49,9,2233169,,
Vermont,2007,0.00000164250271423574,50,1,608827,,
Virginia,2007,0.00003164505549539700,51,224,7078515,,
Washington,2007,0.00001255488307756150,53,74,5894121,,
West Virginia,2007,0.00014488393801179400,54,262,1808344,,
Wisconsin,2007,0.00006655884258460850,55,357,5363675,,
Wyoming,2007,0.00001620148162549460,56,8,493782,,
Alabama,2008,0.00015380809966045300,1,684,4447100,,
Arizona,2008,0.00002611764008800480,4,134,5130632,,
Arkansas,2008,0.00010286526520535600,5,275,2673400,,
California,2008,0.00002004626406131760,6,679,33871648,,
Colorado,2008,0.00000116244980251140,8,5,4301261,,
Connecticut,2008,0.00000411091845259157,9,14,3405565,,
Delaware,2008,0.00000000000000000000,10,0,783600,,
District of Columbia,2008,0.00000000000000000000,11,0,572059,,
Florida,2008,0.00002746775229568470,12,439,15982378,,
Georgia,2008,0.00011177001810185700,13,915,8186453,,
Idaho,2008,0.00002395759351382930,16,31,1293953,,
Illinois,2008,0.00000080519881445747,17,10,12419293,,
Indiana,2008,0.00000049338169570355,18,3,6080485,,
Iowa,2008,0.00000205035395943853,19,6,2926324,,
Kansas,2008,0.00000260376176621344,20,7,2688418,,
Kentucky,2008,0.00001311307004432960,21,53,4041769,,
Louisiana,2008,0.00017811686614562300,22,796,4468976,,
Maine,2008,0.00003059008269519020,23,39,1274923,,
Maryland,2008,0.00001963566032271210,24,104,5296486,,
Massachusetts,2008,0.00000000000000000000,25,0,6349097,,
Michigan,2008,0.00000171052933437065,26,17,9938444,,
Minnesota,2008,0.00009126982755694250,27,449,4919479,,
Mississippi,2008,0.00001722526925908140,28,49,2844658,,
Missouri,2008,0.00000929366202632930,29,52,5595211,,
Montana,2008,0.00017734525241217300,30,160,902195,,
Nebraska,2008,0.00000876545568974494,31,15,1711263,,
Nevada,2008,0.00001100959486192220,32,22,1998257,,
New Hampshire,2008,0.00000000000000000000,33,0,1235786,,
New Jersey,2008,0.00003363301978168250,34,283,8414350,,
New Mexico,2008,0.00003133510642391670,35,57,1819046,,
New York,2008,0.00003662432876695580,36,695,18976457,,
North Carolina,2008,0.00000484513398845342,37,39,8049313,,
North Dakota,2008,0.00048271566490190000,38,310,642200,,
Ohio,2008,0.00000123313902585540,39,14,11353140,,
Oklahoma,2008,0.00021879910301061800,40,755,3450654,,
Oregon,2008,0.00001870579841754790,41,64,3421399,,
Pennsylvania,2008,0.00001571526352705560,42,193,12281054,,
Rhode Island,2008,0.00006581965985544480,44,69,1048319,,
South Carolina,2008,0.00014331961120754400,45,575,4012012,,
South Dakota,2008,0.00009140961576166730,46,69,754844,,
Tennessee,2008,0.00000492153404919390,47,28,5689283,,
Texas,2008,0.00002690412635443810,48,561,20851820,,
Utah,2008,0.00000761250044219672,49,17,2233169,,
Vermont,2008,0.00000164250271423574,50,1,608827,,
Virginia,2008,0.00002641797043588940,51,187,7078515,,
Washington,2008,0.00001425148889885360,53,84,5894121,,
West Virginia,2008,0.00012884716624713000,54,233,1808344,,
Wisconsin,2008,0.00003952513901382910,55,212,5363675,,
Wyoming,2008,0.00005670518568923130,56,28,493782,,
Alabama,2009,0.00009939061410807040,1,442,4447100,,
Arizona,2009,0.00003566812041869310,4,183,5130632,,
Arkansas,2009,0.00014550759332685000,5,389,2673400,,
California,2009,0.00001529302619110830,6,518,33871648,,
Colorado,2009,0.00000139493976301368,8,6,4301261,,
Connecticut,2009,0.00000117454812931188,9,4,3405565,,
Delaware,2009,0.00000000000000000000,10,0,783600,,
District of Columbia,2009,0.00000000000000000000,11,0,572059,,
Florida,2009,0.00002671692535366140,12,427,15982378,,
Georgia,2009,0.00008379697532008060,13,686,8186453,,
Idaho,2009,0.00005023366381931960,16,65,1293953,,
Illinois,2009,0.00000169091751036069,17,21,12419293,,
Indiana,2009,0.00000098676339140710,18,6,6080485,,
Iowa,2009,0.00000170862829953211,19,5,2926324,,
Kansas,2009,0.00000111589789980576,20,3,2688418,,
Kentucky,2009,0.00000791732530978391,21,32,4041769,,
Louisiana,2009,0.00000760800684541604,22,34,4468976,,
Maine,2009,0.00004157113802166880,23,53,1274923,,
Maryland,2009,0.00000075521770471970,24,4,5296486,,
Massachusetts,2009,0.00000000000000000000,25,0,6349097,,
Michigan,2009,0.00000281734243308107,26,28,9938444,,
Minnesota,2009,0.00007378830156608050,27,363,4919479,,
Mississippi,2009,0.00001476451650778410,28,42,2844658,,
Missouri,2009,0.00002394905214477170,29,134,5595211,,
Montana,2009,0.00012746690017124900,30,115,902195,,
Nebraska,2009,0.00001402472910359190,31,24,1711263,,
Nevada,2009,0.00000450392517078634,32,9,1998257,,
New Hampshire,2009,0.00000080920159315610,33,1,1235786,,
New Jersey,2009,0.00001426135114417630,34,120,8414350,,
New Mexico,2009,0.00003298432255149130,35,60,1819046,,
New York,2009,0.00003351521308745880,36,636,18976457,,
North Carolina,2009,0.00007975835950223330,37,642,8049313,,
North Dakota,2009,0.00037994394269697900,38,244,642200,,
Ohio,2009,0.00000105697630787606,39,12,11353140,,
Oklahoma,2009,0.00035790316850081200,40,1235,3450654,,
Oregon,2009,0.00001344479261261260,41,46,3421399,,
Pennsylvania,2009,0.00001351675515798560,42,166,12281054,,
Rhode Island,2009,0.00004197195700926910,44,44,1048319,,
South Carolina,2009,0.00010269161707392700,45,412,4012012,,
South Dakota,2009,0.00004769197344086990,46,36,754844,,
Tennessee,2009,0.00007804146849436040,47,444,5689283,,
Texas,2009,0.00002393076479655010,48,499,20851820,,
Utah,2009,0.00000582132386756220,49,13,2233169,,
Vermont,2009,0.00000000000000000000,50,0,608827,,
Virginia,2009,0.00001765907114698490,51,125,7078515,,
Washington,2009,0.00001340318598820760,53,79,5894121,,
West Virginia,2009,0.00014654291440124200,54,265,1808344,,
Wisconsin,2009,0.00002423711354621600,55,130,5363675,,
Wyoming,2009,0.00002632740764142880,56,13,493782,,
Alabama,2010,0.00013941669852263300,1,620,4447100,,
Arizona,2010,0.00001169446571104690,4,60,5130632,,
Arkansas,2010,0.00024163985935512800,5,646,2673400,,
California,2010,0.00001151405446820890,6,390,33871648,,
Colorado,2010,0.00004742795194246520,8,204,4301261,,
Connecticut,2010,0.00000734092580819923,9,25,3405565,,
Delaware,2010,0.00000000000000000000,10,0,783600,,
District of Columbia,2010,0.00000000000000000000,11,0,572059,,
Florida,2010,0.00001920865593342870,12,307,15982378,,
Georgia,2010,0.00010749466221817900,13,880,8186453,,
Idaho,2010,0.00012056079316636700,16,156,1293953,,
Illinois,2010,0.00000169091751036069,17,21,12419293,,
Indiana,2010,0.00000164460565234517,18,10,6080485,,
Iowa,2010,0.00000102517697971927,19,3,2926324,,
Kansas,2010,0.00000000000000000000,20,0,2688418,,
Kentucky,2010,0.00001286565362839890,21,52,4041769,,
Louisiana,2010,0.00008726831381506640,22,390,4468976,,
Maine,2010,0.00006745505414836820,23,86,1274923,,
Maryland,2010,0.00000000000000000000,24,0,5296486,,
Massachusetts,2010,0.00000000000000000000,25,0,6349097,,
Michigan,2010,0.00000412539427701157,26,41,9938444,,
Minnesota,2010,0.00012420014395833400,27,611,4919479,,
Mississippi,2010,0.00002249831086900430,28,64,2844658,,
Missouri,2010,0.00002108946382897800,29,118,5595211,,
Montana,2010,0.00008423899489578200,30,76,902195,,
Nebraska,2010,0.00000993418311504427,31,17,1711263,,
Nevada,2010,0.00000350305291061160,32,7,1998257,,
New Hampshire,2010,0.00000242760477946829,33,3,1235786,,
New Jersey,2010,0.00002246162805207770,34,189,8414350,,
New Mexico,2010,0.00003188484513310820,35,58,1819046,,
New York,2010,0.00003198700368567220,36,607,18976457,,
North Carolina,2010,0.00010261745319134700,37,826,8049313,,
North Dakota,2010,0.00040485829959514200,38,260,642200,,
Ohio,2010,0.00000000000000000000,39,0,11353140,,
Oklahoma,2010,0.00032022915076388400,40,1105,3450654,,
Oregon,2010,0.00001432162691343510,41,49,3421399,,
Pennsylvania,2010,0.00001465672246046630,42,180,12281054,,
Rhode Island,2010,0.00000000000000000000,44,0,1048319,,
South Carolina,2010,0.00010393787456268800,45,417,4012012,,
South Dakota,2010,0.00007286273720132900,46,55,754844,,
Tennessee,2010,0.00010598875113085400,47,603,5689283,,
Texas,2010,0.00001908706290386160,48,398,20851820,,
Utah,2010,0.00000671691215487946,49,15,2233169,,
Vermont,2010,0.00000000000000000000,50,0,608827,,
Virginia,2010,0.00002076706766885430,51,147,7078515,,
Washington,2010,0.00001017963492775260,53,60,5894121,,
West Virginia,2010,0.00012221126068933800,54,221,1808344,,
Wisconsin,2010,0.00002535574955604130,55,136,5363675,,
Wyoming,2010,0.00007695703772109960,56,38,493782,,
Alabama,2011,0.00008949652582581910,1,398,4447100,,
Arizona,2011,0.00001793151409027190,4,92,5130632,,
Arkansas,2011,0.00022256302835340800,5,595,2673400,,
California,2011,0.00002051863552668000,6,695,33871648,,
Colorado,2011,0.00000488228917054789,8,21,4301261,,
Connecticut,2011,0.00000029363703232797,9,1,3405565,,
Delaware,2011,0.00000000000000000000,10,0,783600,,
District of Columbia,2011,0.00000174807144018362,11,1,572059,,
Florida,2011,0.00002984537094542500,12,477,15982378,,
Georgia,2011,0.00012630622810636100,13,1034,8186453,,
Idaho,2011,0.00020016182968005800,16,259,1293953,,
Illinois,2011,0.00000040259940722874,17,5,12419293,,
Indiana,2011,0.00000098676339140710,18,6,6080485,,
Iowa,2011,0.00000102517697971927,19,3,2926324,,
Kansas,2011,0.00000185982983300960,20,5,2688418,,
Kentucky,2011,0.00000865957455757615,21,35,4041769,,
Louisiana,2011,0.00001521601369083210,22,68,4468976,,
Maine,2011,0.00005961144320088350,23,76,1274923,,
Maryland,2011,0.00000547532835921779,24,29,5296486,,
Massachusetts,2011,0.00000000000000000000,25,0,6349097,,
Michigan,2011,0.00000030185811783012,26,3,9938444,,
Minnesota,2011,0.00007480466935624690,27,368,4919479,,
Mississippi,2011,0.00001968602201037880,28,56,2844658,,
Missouri,2011,0.00002466394922372010,29,138,5595211,,
Montana,2011,0.00006428765399941250,30,58,902195,,
Nebraska,2011,0.00001519345652889120,31,26,1711263,,
Nevada,2011,0.00001000872260174740,32,20,1998257,,
New Hampshire,2011,0.00000000000000000000,33,0,1235786,,
New Jersey,2011,0.00000962641202231901,34,81,8414350,,
New Mexico,2011,0.00005277491608238600,35,96,1819046,,
New York,2011,0.00002128953787316570,36,404,18976457,,
North Carolina,2011,0.00000372702614496417,37,30,8049313,,
North Dakota,2011,0.00027250077857365300,38,175,642200,,
Ohio,2011,0.00000123313902585540,39,14,11353140,,
Oklahoma,2011,0.00037239317532270700,40,1285,3450654,,
Oregon,2011,0.00001665985171562860,41,57,3421399,,
Pennsylvania,2011,0.00000032570494356592,42,4,12281054,,
Rhode Island,2011,0.00002384770284617560,44,25,1048319,,
South Carolina,2011,0.00014755688666933200,45,592,4012012,,
South Dakota,2011,0.00008346095352152230,46,63,754844,,
Tennessee,2011,0.00006573763337137560,47,374,5689283,,
Texas,2011,0.00004814927425999270,48,1004,20851820,,
Utah,2011,0.00000895588287317261,49,20,2233169,,
Vermont,2011,0.00000000000000000000,50,0,608827,,
Virginia,2011,0.00001511616490181910,51,107,7078515,,
Washington,2011,0.00001170658016691550,53,69,5894121,,
West Virginia,2011,0.00006525307131828900,54,118,1808344,,
Wisconsin,2011,0.00000988128475345728,55,53,5363675,,
Wyoming,2011,0.00006885629690835230,56,34,493782,,
Alabama,2012,0.00008117649704301680,1,361,4447100,,
Arizona,2012,0.00003215978070537900,4,165,5130632,,
Arkansas,2012,0.00021246352958779100,5,568,2673400,,
California,2012,0.00001733012813548370,6,587,33871648,,
Colorado,2012,0.00000860212853858438,8,37,4301261,,
Connecticut,2012,0.00000146818516163985,9,5,3405565,,
Delaware,2012,0.00000000000000000000,10,0,783600,,
District of Columbia,2012,0.00000000000000000000,11,0,572059,,
Florida,2012,0.00002853142379688430,12,456,15982378,,
Georgia,2012,0.00007768932405768410,13,636,8186453,,
Idaho,2012,0.00006646300136094590,16,86,1293953,,
Illinois,2012,0.00000056363917012023,17,7,12419293,,
Indiana,2012,0.00000131568452187613,18,8,6080485,,
Iowa,2012,0.00000444243357878348,19,13,2926324,,
Kansas,2012,0.00000111589789980576,20,3,2688418,,
Kentucky,2012,0.00000816474172571466,21,33,4041769,,
Louisiana,2012,0.00004542427616527810,22,203,4468976,,
Maine,2012,0.00004157113802166880,23,53,1274923,,
Maryland,2012,0.00000755217704719695,24,40,5296486,,
Massachusetts,2012,0.00000015750271259047,25,1,6349097,,
Michigan,2012,0.00000573530423877219,26,57,9938444,,
Minnesota,2012,0.00011342664538257000,27,558,4919479,,
Mississippi,2012,0.00016205814547829700,28,461,2844658,,
Missouri,2012,0.00001662135708555050,29,93,5595211,,
Montana,2012,0.00010529874361972700,30,95,902195,,
Nebraska,2012,0.00002395891221863620,31,41,1711263,,
Nevada,2012,0.00000950828647166005,32,19,1998257,,
New Hampshire,2012,0.00000323680637262439,33,4,1235786,,
New Jersey,2012,0.00001806437811595670,34,152,8414350,,
New Mexico,2012,0.00004342935802613020,35,79,1819046,,
New York,2012,0.00002597955983037300,36,493,18976457,,
North Carolina,2012,0.00009056673532262940,37,729,8049313,,
North Dakota,2012,0.00078947368421052600,38,507,642200,,
Ohio,2012,0.00000140930174383475,39,16,11353140,,
Oklahoma,2012,0.00024459131515359100,40,844,3450654,,
Oregon,2012,0.00001724440791617700,41,59,3421399,,
Pennsylvania,2012,0.00001620382094240450,42,199,12281054,,
Rhode Island,2012,0.00003815632455388100,44,40,1048319,,
South Carolina,2012,0.00012188398240085000,45,489,4012012,,
South Dakota,2012,0.00012452904176227100,46,94,754844,,
Tennessee,2012,0.00006415571171270620,47,365,5689283,,
Texas,2012,0.00001246893556533670,48,260,20851820,,
Utah,2012,0.00001432941259707620,49,32,2233169,,
Vermont,2012,0.00000657001085694294,50,4,608827,,
Virginia,2012,0.00001695270830110550,51,120,7078515,,
Washington,2012,0.00001272454365969070,53,75,5894121,,
West Virginia,2012,0.00013658905606455400,54,247,1808344,,
Wisconsin,2012,0.00002144052352165260,55,115,5363675,,
Wyoming,2012,0.00009113333414340740,56,45,493782,,
Alabama,2013,0.00006161318612129250,1,274,4447100,,
Arizona,2013,0.00002182966932728760,4,112,5130632,,
Arkansas,2013,0.00000860327672626618,5,23,2673400,,
California,2013,0.00002031197301058400,6,688,33871648,,
Colorado,2013,0.00000953208838059350,8,41,4301261,,
Connecticut,2013,0.00000000000000000000,9,0,3405565,,
Delaware,2013,0.00000000000000000000,10,0,783600,,
District of Columbia,2013,0.00000174807144018362,11,1,572059,,
Florida,2013,0.00002521527146961480,12,403,15982378,,
Georgia,2013,0.00003493576522090820,13,286,8186453,,
Idaho,2013,0.00001236520955552480,16,16,1293953,,
Illinois,2013,0.00000024155964433724,17,3,12419293,,
Indiana,2013,0.00000000000000000000,18,0,6080485,,
Iowa,2013,0.00000102517697971927,19,3,2926324,,
Kansas,2013,0.00000037196596660192,20,1,2688418,,
Kentucky,2013,0.00000643282681419943,21,26,4041769,,
Louisiana,2013,0.00006780076688709000,22,303,4468976,,
Maine,2013,0.00003372752707418410,23,43,1274923,,
Maryland,2013,0.00000396489294977840,24,21,5296486,,
Massachusetts,2013,0.00000000000000000000,25,0,6349097,,
Michigan,2013,0.00000130805184393050,26,13,9938444,,
Minnesota,2013,0.00003882524958435640,27,191,4919479,,
Mississippi,2013,0.00022744386144134000,28,647,2844658,,
Missouri,2013,0.00000965111056580351,29,54,5595211,,
Montana,2013,0.00006207083834426040,30,56,902195,,
Nebraska,2013,0.00000467490970119730,31,8,1711263,,
Nevada,2013,0.00000350305291061160,32,7,1998257,,
New Hampshire,2013,0.00000161840318631219,33,2,1235786,,
New Jersey,2013,0.00001580633085146210,34,133,8414350,,
New Mexico,2013,0.00003133510642391670,35,57,1819046,,
New York,2013,0.00001702109092334780,36,323,18976457,,
North Carolina,2013,0.00007354664926062630,37,592,8049313,,
North Dakota,2013,0.00040641544690127700,38,261,642200,,
Ohio,2013,0.00000158546446181409,39,18,11353140,,
Oklahoma,2013,0.00011418125375653400,40,394,3450654,,
Oregon,2013,0.00003331970343125720,41,114,3421399,,
Pennsylvania,2013,0.00001253964032728790,42,154,12281054,,
Rhode Island,2013,0.00000858517302462323,44,9,1048319,,
South Carolina,2013,0.00008773652720879200,45,352,4012012,,
South Dakota,2013,0.00008346095352152230,46,63,754844,,
Tennessee,2013,0.00004183303941814810,47,238,5689283,,
Texas,2013,0.00001333216956601390,48,278,20851820,,
Utah,2013,0.00001029926530414850,49,23,2233169,,
Vermont,2013,0.00000000000000000000,50,0,608827,,
Virginia,2013,0.00001116053296489450,51,79,7078515,,
Washington,2013,0.00000729540503155602,53,43,5894121,,
West Virginia,2013,0.00008681976438111330,54,157,1808344,,
Wisconsin,2013,0.00000727113406386479,55,39,5363675,,
Wyoming,2013,0.00001620148162549460,56,8,493782,,
Alabama,2014,0.00007263160261743610,1,323,4447100,,
Arizona,2014,0.00002806671770651260,4,144,5130632,,
Arkansas,2014,0.00011408693050048600,5,305,2673400,,
California,2014,0.00001579492087305580,6,535,33871648,,
Colorado,2014,0.00000185991968401824,8,8,4301261,,
Connecticut,2014,0.00000000000000000000,9,0,3405565,,
Delaware,2014,0.00000000000000000000,10,0,783600,,
District of Columbia,2014,0.00000000000000000000,11,0,572059,,
Florida,2014,0.00002064774090563990,12,330,15982378,,
Georgia,2014,0.00003346992891793310,13,274,8186453,,
Idaho,2014,0.00001004673276386390,16,13,1293953,,
Illinois,2014,0.00000064415905156598,17,8,12419293,,
Indiana,2014,0.00000032892113046903,18,2,6080485,,
Iowa,2014,0.00000478415923868991,19,14,2926324,,
Kansas,2014,0.00000371965966601920,20,10,2688418,,
Kentucky,2014,0.00000940182380536839,21,38,4041769,,
Louisiana,2014,0.00004520051125806000,22,202,4468976,,
Maine,2014,0.00002902136050569330,23,37,1274923,,
Maryland,2014,0.00000566413278539771,24,30,5296486,,
Massachusetts,2014,0.00000015750271259047,25,1,6349097,,
Michigan,2014,0.00000050309686305019,26,5,9938444,,
Minnesota,2014,0.00005935587894571760,27,292,4919479,,
Mississippi,2014,0.00000316382496595373,28,9,2844658,,
Missouri,2014,0.00002466394922372010,29,138,5595211,,
Montana,2014,0.00010197352013699900,30,92,902195,,
Nebraska,2014,0.00001110291054034360,31,19,1711263,,
Nevada,2014,0.00000650566969113582,32,13,1998257,,
New Hampshire,2014,0.00000161840318631219,33,2,1235786,,
New Jersey,2014,0.00001414250655130820,34,119,8414350,,
New Mexico,2014,0.00002034033224008630,35,37,1819046,,
New York,2014,0.00003140733805051170,36,596,18976457,,
North Carolina,2014,0.00009019403270813300,37,726,8049313,,
North Dakota,2014,0.00050295857988165700,38,323,642200,,
Ohio,2014,0.00000220203397474179,39,25,11353140,,
Oklahoma,2014,0.00013968366576307000,40,482,3450654,,
Oregon,2014,0.00002308996992166070,41,79,3421399,,
Pennsylvania,2014,0.00001229536161961340,42,151,12281054,,
Rhode Island,2014,0.00000000000000000000,44,0,1048319,,
South Carolina,2014,0.00007602170681443630,45,305,4012012,,
South Dakota,2014,0.00009405916984171560,46,71,754844,,
Tennessee,2014,0.00006046456117581070,47,344,5689283,,
Texas,2014,0.00001107816967535690,48,231,20851820,,
Utah,2014,0.00001253823602244170,49,28,2233169,,
Vermont,2014,0.00000164250271423574,50,1,608827,,
Virginia,2014,0.00001440980205593970,51,102,7078515,,
Washington,2014,0.00001509979180949970,53,89,5894121,,
West Virginia,2014,0.00009953858336688150,54,180,1808344,,
Wisconsin,2014,0.00001137279943322440,55,61,5363675,,
Wyoming,2014,0.00000405037040637366,56,2,493782,,
Alabama,2015,0.00005554181376627470,1,247,4447100,,
Arizona,2015,0.00002027040723248130,4,104,5130632,,
Arkansas,2015,0.00001084760978529210,5,29,2673400,,
California,2015,0.00001927866043010370,6,653,33871648,,
Colorado,2015,0.00000185991968401824,8,8,4301261,,
Connecticut,2015,0.00000176182219396781,9,6,3405565,,
Delaware,2015,0.00000127616130678918,10,1,783600,,
District of Columbia,2015,0.00000000000000000000,11,0,572059,,
Florida,2015,0.00001814498443222900,12,290,15982378,,
Georgia,2015,0.00002675151252929690,13,219,8186453,,
Idaho,2015,0.00001236520955552480,16,16,1293953,,
Illinois,2015,0.00000008051988144575,17,1,12419293,,
Indiana,2015,0.00000065784226093807,18,4,6080485,,
Iowa,2015,0.00000956831847737981,19,28,2926324,,
Kansas,2015,0.00015585374000620400,20,419,2688418,,
Kentucky,2015,0.00000668024323013017,21,27,4041769,,
Louisiana,2015,0.00000268517888661743,22,12,4468976,,
Maine,2015,0.00002588391612669940,23,33,1274923,,
Maryland,2015,0.00000849619917809657,24,45,5296486,,
Massachusetts,2015,0.00000834764376729478,25,53,6349097,,
Michigan,2015,0.00000332043929613127,26,33,9938444,,
Minnesota,2015,0.00011119063624420400,27,547,4919479,,
Mississippi,2015,0.00005870652992380810,28,167,2844658,,
Missouri,2015,0.00001233197461186000,29,69,5595211,,
Montana,2015,0.00011416600624033600,30,103,902195,,
Nebraska,2015,0.00000993418311504427,31,17,1711263,,
Nevada,2015,0.00000200174452034948,32,4,1998257,,
New Hampshire,2015,0.00000323680637262439,33,4,1235786,,
New Jersey,2015,0.00000950756742945088,34,80,8414350,,
New Mexico,2015,0.00002638745804119300,35,48,1819046,,
New York,2015,0.00003836332567243720,36,728,18976457,,
North Carolina,2015,0.00003329476689501330,37,268,8049313,,
North Dakota,2015,0.00065088757396449700,38,418,642200,,
Ohio,2015,0.00000317092892362818,39,36,11353140,,
Oklahoma,2015,0.00017967608459150100,40,620,3450654,,
Oregon,2015,0.00001958263271837050,41,67,3421399,,
Pennsylvania,2015,0.00001384246010155150,42,170,12281054,,
Rhode Island,2015,0.00000476954056923513,44,5,1048319,,
South Carolina,2015,0.00004661003007967080,45,187,4012012,,
South Dakota,2015,0.00010333260912188500,46,78,754844,,
Tennessee,2015,0.00003568112185665580,47,203,5689283,,
Texas,2015,0.00001035880800812590,48,216,20851820,,
Utah,2015,0.00000671691215487946,49,15,2233169,,
Vermont,2015,0.00000164250271423574,50,1,608827,,
Virginia,2015,0.00000819380901220101,51,58,7078515,,
Washington,2015,0.00001170658016691550,53,69,5894121,,
West Virginia,2015,0.00007963086669350520,54,144,1808344,,
Wisconsin,2015,0.00000857620940866104,55,46,5363675,,
Wyoming,2015,0.00001012592601593420,56,5,493782,,
